{
    "condition": "minecraft:value_check",
    "value": {
        "type": "minecraft:score",
        "target": "this",
        "score": "pk.feature.component.id"
    },
    "range": {
        "min": {
            "type": "minecraft:score",
            "target": {
                "type": "minecraft:fixed",
                "name": "$temp"
            },
            "score": "pk.feature.component.id"
        },
        "max": {
            "type": "minecraft:score",
            "target": {
                "type": "minecraft:fixed",
                "name": "$temp"
            },
            "score": "pk.feature.component.id"
        }
    }
}
