{
    "type": "minecraft:entity",
    "pools": [
        {
            "rolls": 1,
            "entries": [
                {
                    "type": "item",
                    "name": "minecraft:player_head",
                    "weight": 1,
                    "functions": [
                        {
                            "function": "set_components",
                            "components": {
                                "minecraft:note_block_sound": "minecraft:entity.happy_ghast.ambient",
                                "minecraft:profile": {
                                    "properties": [
                                        {
                                            "name": "textures",
                                            "value": "e3RleHR1cmVzOntTS0lOOnt1cmw6Imh0dHA6Ly90ZXh0dXJlcy5taW5lY3JhZnQubmV0L3RleHR1cmUvYmRjNzAzMzFiZmUzMGE0OTUxMGU0NzIyNDNlMGYwNjQ5MGE0ZjViYWEzYWU3NTg3ZjA2NDMxNTZiNTQ0ODM5ZSJ9fX0="
                                        }
                                    ]
                                },
                                "minecraft:item_name": "Happy Ghast Head"
                            }
                        }
                    ]
                }
            ],
            "conditions": [
                {
                    "condition": "killed_by_player"
                },
                {
                    "condition": "random_chance_with_enchanted_bonus",
                    "enchantment": "minecraft:looting",
                    "unenchanted_chance": 0.1,
                    "enchanted_chance": {
                        "type": "minecraft:linear",
                        "base": 0.11,
                        "per_level_above_first": 0.01
                    }
                }
            ]
        }
    ]
}