{
    "condition": "minecraft:any_of",
    "terms": [
        {
            "condition": "minecraft:entity_properties",
            "entity": "this",
            "predicate": {
                "equipment": {
                    "mainhand": {
                        "items": "#pk_at_vi:followable",
                        "count": {
                            "min": 1
                        }
                    }
                }
            }
        },
        {
            "condition": "minecraft:entity_properties",
            "entity": "this",
            "predicate": {
                "equipment": {
                    "offhand": {
                        "items": "#pk_at_vi:followable",
                        "count": {
                            "min": 1
                        }
                    }
                }
            }
        }
    ]
}
